{
    "data": [
        {
            "name": "Airi Satou",
            "position": "Accountant",
            "office": "Tokyo",
            "age": "33",
            "startDate": "2008/11/28",
            "salary": "162700"
        },
        {
            "name": "Angellica Ramos",
            "position": "Chief Executive Officer (CEO)",
            "office": "London",
            "age": "47",
            "startDate": "2009/10/09",
            "salary": "1200000"
        },
        {
            "name": "Ashton Cox",
            "position": "Hunior Technical Author",
            "office": "San Fransisco",
            "age": "66",
            "startDate": "2009/01/12",
            "salary": "86000"
        },
        {
            "name": "Bradley Greer",
            "position": "Software Engineer",
            "office": "London",
            "age": "41",
            "startDate": "2012/10/13",
            "salary": "132000"
        },
        {
            "name": "Brenden Wagner",
            "position": "Software Engineer",
            "office": "San Fransisco",
            "age": "28",
            "startDate": "2011/06/07",
            "salary": "206850"
        },
        {
            "name": "Brielle Williamson",
            "position": "Integration Specialist",
            "office": "New York",
            "age": "61",
            "startDate": "2012/12/02",
            "salary": "372000"
        },
        {
            "name": "Bruno Nash",
            "position": "Software Engineer",
            "office": "London",
            "age": "38",
            "startDate": "2011/05/03",
            "salary": "163500"
        },
        {
            "name": "Caesar Vance",
            "position": "Pre-Sales Support",
            "office": "New York",
            "age": "21",
            "startDate": "2011/12/12",
            "salary": "106450"
        },
        {
            "name": "Cara Stevens",
            "position": "Sales Assistant",
            "office": "New York",
            "age": "46",
            "startDate": "2011/12/06",
            "salary": "145600"
        },
        {
            "name": "Cedric Kelly",
            "position": "Senior Javascript Developer",
            "office": "Edinburg",
            "age": "22",
            "startDate": "2012/03/29",
            "salary": "433060"
        }
    ]
}