{
    "data": [
        {
            "id": 1,
            "name": "Brian Franklin",
            "position": "Project Manager",
            "office": "Ungca",
            "age": 36,
            "startDate": "2015/03/04",
            "salary": "$354326.51"
        },
        {
            "id": 2,
            "name": "Harry Robinson",
            "position": "Research Nurse",
            "office": "Chipaque",
            "age": 38,
            "startDate": "2015/07/25",
            "salary": "$421069.74"
        },
        {
            "id": 3,
            "name": "Joshua Clark",
            "position": "Financial Advisor",
            "office": "Cijambe",
            "age": 24,
            "startDate": "2014/10/23",
            "salary": "$863803.76"
        },
        {
            "id": 4,
            "name": "Martha Long",
            "position": "Help Desk Technician",
            "office": "Hanam",
            "age": 29,
            "startDate": "2014/12/24",
            "salary": "$878112.41"
        },
        {
            "id": 5,
            "name": "Norma Roberts",
            "position": "Dental Hygienist",
            "office": "Roliça",
            "age": 25,
            "startDate": "2015/03/30",
            "salary": "$134429.57"
        },
        {
            "id": 6,
            "name": "Brenda Moore",
            "position": "Programmer Analyst IV",
            "office": "Dunkerque",
            "age": 34,
            "startDate": "2014/12/20",
            "salary": "$367038.98"
        },
        {
            "id": 7,
            "name": "Christine Ramirez",
            "position": "Quality Control Specialist",
            "office": "Shangpai",
            "age": 26,
            "startDate": "2015/02/14",
            "salary": "$669244.14"
        },
        {
            "id": 8,
            "name": "Teresa Grant",
            "position": "Clinical Specialist",
            "office": "Turba",
            "age": 39,
            "startDate": "2015/01/14",
            "salary": "$730751.45"
        },
        {
            "id": 9,
            "name": "Christina Bryant",
            "position": "Director of Sales",
            "office": "Jalinan",
            "age": 21,
            "startDate": "2014/10/21",
            "salary": "$444317.04"
        },
        {
            "id": 10,
            "name": "William Rivera",
            "position": "Chemical Engineer",
            "office": "Gramaços",
            "age": 23,
            "startDate": "2014/12/03",
            "salary": "$440120.96"
        },
        {
            "id": 11,
            "name": "Julie Payne",
            "position": "Editor",
            "office": "Mandōl",
            "age": 24,
            "startDate": "2014/10/28",
            "salary": "$200523.38"
        },
        {
            "id": 12,
            "name": "Rose Alexander",
            "position": "Technical Writer",
            "office": "Pang",
            "age": 22,
            "startDate": "2014/10/06",
            "salary": "$922008.77"
        },
        {
            "id": 13,
            "name": "Phyllis Sims",
            "position": "Internal Auditor",
            "office": "Pengulu",
            "age": 39,
            "startDate": "2015/07/19",
            "salary": "$667546.65"
        },
        {
            "id": 14,
            "name": "Lois Cruz",
            "position": "Human Resources Manager",
            "office": "Ranao",
            "age": 25,
            "startDate": "2014/12/12",
            "salary": "$677306.13"
        },
        {
            "id": 15,
            "name": "Jonathan Lane",
            "position": "Mechanical Systems Engineer",
            "office": "Lucapon",
            "age": 32,
            "startDate": "2014/11/14",
            "salary": "$797911.97"
        },
        {
            "id": 16,
            "name": "Bonnie Howard",
            "position": "VP Sales",
            "office": "Balai",
            "age": 38,
            "startDate": "2015/02/13",
            "salary": "$555441.70"
        },
        {
            "id": 17,
            "name": "Howard Mason",
            "position": "Financial Analyst",
            "office": "Sundbyberg",
            "age": 39,
            "startDate": "2014/09/06",
            "salary": "$309700.78"
        },
        {
            "id": 18,
            "name": "Ronald Ross",
            "position": "Product Engineer",
            "office": "Šalovci",
            "age": 29,
            "startDate": "2015/03/14",
            "salary": "$507184.99"
        },
        {
            "id": 19,
            "name": "Dennis Hart",
            "position": "Physical Therapy Assistant",
            "office": "Novoorsk",
            "age": 22,
            "startDate": "2014/09/04",
            "salary": "$543039.21"
        },
        {
            "id": 20,
            "name": "Johnny Jordan",
            "position": "Structural Engineer",
            "office": "Xinglong",
            "age": 33,
            "startDate": "2015/08/06",
            "salary": "$771576.63"
        },
        {
            "id": 21,
            "name": "Mark Hamilton",
            "position": "Executive Secretary",
            "office": "Quvasoy",
            "age": 25,
            "startDate": "2015/07/18",
            "salary": "$950169.26"
        },
        {
            "id": 22,
            "name": "Gregory Spencer",
            "position": "Information Systems Manager",
            "office": "Duba",
            "age": 25,
            "startDate": "2014/12/04",
            "salary": "$221461.82"
        },
        {
            "id": 23,
            "name": "Michael Gordon",
            "position": "Professor",
            "office": "Onguday",
            "age": 35,
            "startDate": "2014/09/25",
            "salary": "$390299.23"
        },
        {
            "id": 24,
            "name": "John Roberts",
            "position": "Financial Analyst",
            "office": "São Lourenço",
            "age": 27,
            "startDate": "2015/05/19",
            "salary": "$755105.57"
        },
        {
            "id": 25,
            "name": "Michelle Weaver",
            "position": "Dental Hygienist",
            "office": "Forbach",
            "age": 24,
            "startDate": "2014/11/22",
            "salary": "$324715.34"
        },
        {
            "id": 26,
            "name": "Dennis Oliver",
            "position": "Payment Adjustment Coordinator",
            "office": "Arroio do Meio",
            "age": 27,
            "startDate": "2015/02/15",
            "salary": "$261343.19"
        },
        {
            "id": 27,
            "name": "Wayne Bradley",
            "position": "Registered Nurse",
            "office": "Lapi",
            "age": 28,
            "startDate": "2014/10/08",
            "salary": "$505646.85"
        },
        {
            "id": 28,
            "name": "Daniel Larson",
            "position": "Quality Engineer",
            "office": "Mungkin",
            "age": 34,
            "startDate": "2015/07/16",
            "salary": "$902080.27"
        },
        {
            "id": 29,
            "name": "Ernest Richards",
            "position": "Senior Editor",
            "office": "St. Anton an der Jeßnitz",
            "age": 27,
            "startDate": "2014/10/02",
            "salary": "$293828.63"
        },
        {
            "id": 30,
            "name": "Benjamin Pierce",
            "position": "Recruiting Manager",
            "office": "Tajimi",
            "age": 29,
            "startDate": "2014/12/18",
            "salary": "$597386.97"
        },
        {
            "id": 31,
            "name": "Jeremy Carr",
            "position": "Teacher",
            "office": "Guadalupe",
            "age": 35,
            "startDate": "2015/06/08",
            "salary": "$487640.71"
        },
        {
            "id": 32,
            "name": "Rachel Lynch",
            "position": "Software Consultant",
            "office": "Ishige",
            "age": 25,
            "startDate": "2015/05/02",
            "salary": "$210543.91"
        },
        {
            "id": 33,
            "name": "Julia Perry",
            "position": "Desktop Support Technician",
            "office": "Gevgelija",
            "age": 36,
            "startDate": "2015/04/22",
            "salary": "$323643.98"
        },
        {
            "id": 34,
            "name": "Ernest Wheeler",
            "position": "Media Manager IV",
            "office": "Cikajang",
            "age": 39,
            "startDate": "2014/12/11",
            "salary": "$862893.63"
        },
        {
            "id": 35,
            "name": "Michelle Powell",
            "position": "Physical Therapy Assistant",
            "office": "Infanta",
            "age": 23,
            "startDate": "2015/05/18",
            "salary": "$795136.80"
        },
        {
            "id": 36,
            "name": "Judy Kim",
            "position": "Human Resources Manager",
            "office": "Ganja",
            "age": 25,
            "startDate": "2015/06/21",
            "salary": "$463663.63"
        },
        {
            "id": 37,
            "name": "Wanda Graham",
            "position": "Teacher",
            "office": "Golcowa",
            "age": 22,
            "startDate": "2015/03/02",
            "salary": "$489122.98"
        },
        {
            "id": 38,
            "name": "Janet Dean",
            "position": "General Manager",
            "office": "Pimentel",
            "age": 27,
            "startDate": "2015/07/23",
            "salary": "$294421.63"
        },
        {
            "id": 39,
            "name": "Mary Wallace",
            "position": "Software Consultant",
            "office": "Nagykanizsa",
            "age": 38,
            "startDate": "2015/01/19",
            "salary": "$649648.89"
        },
        {
            "id": 40,
            "name": "Elizabeth Jackson",
            "position": "Financial Analyst",
            "office": "Coronel Martínez",
            "age": 23,
            "startDate": "2015/07/11",
            "salary": "$215311.92"
        },
        {
            "id": 41,
            "name": "Pamela Brooks",
            "position": "Software Engineer I",
            "office": "Al Badārī",
            "age": 31,
            "startDate": "2015/03/16",
            "salary": "$264662.81"
        },
        {
            "id": 42,
            "name": "Angela Frazier",
            "position": "Information Systems Manager",
            "office": "Saint-Ouen",
            "age": 28,
            "startDate": "2014/10/06",
            "salary": "$585961.52"
        },
        {
            "id": 43,
            "name": "Maria Scott",
            "position": "Senior Editor",
            "office": "Nantai",
            "age": 28,
            "startDate": "2015/05/30",
            "salary": "$218849.05"
        },
        {
            "id": 44,
            "name": "Shawn Garrett",
            "position": "Cost Accountant",
            "office": "Indaiatuba",
            "age": 34,
            "startDate": "2015/08/02",
            "salary": "$211123.96"
        },
        {
            "id": 45,
            "name": "Lillian Alvarez",
            "position": "Administrative Officer",
            "office": "Beira",
            "age": 23,
            "startDate": "2014/09/13",
            "salary": "$936786.63"
        },
        {
            "id": 46,
            "name": "Christine Evans",
            "position": "Senior Cost Accountant",
            "office": "Corrientes",
            "age": 28,
            "startDate": "2015/02/05",
            "salary": "$657593.36"
        },
        {
            "id": 47,
            "name": "Benjamin Stevens",
            "position": "Senior Financial Analyst",
            "office": "Daba",
            "age": 38,
            "startDate": "2014/10/20",
            "salary": "$565159.38"
        },
        {
            "id": 48,
            "name": "Larry Reid",
            "position": "Analog Circuit Design manager",
            "office": "Manzanillo",
            "age": 34,
            "startDate": "2015/07/02",
            "salary": "$666582.83"
        },
        {
            "id": 49,
            "name": "Alice Hall",
            "position": "Social Worker",
            "office": "Sokolovo",
            "age": 28,
            "startDate": "2014/11/01",
            "salary": "$695582.76"
        },
        {
            "id": 50,
            "name": "Randy Hudson",
            "position": "Community Outreach Specialist",
            "office": "Setro",
            "age": 39,
            "startDate": "2014/10/11",
            "salary": "$442387.02"
        },
        {
            "id": 51,
            "name": "Richard Fernandez",
            "position": "Environmental Tech",
            "office": "Mesiméri",
            "age": 23,
            "startDate": "2014/12/03",
            "salary": "$399580.48"
        },
        {
            "id": 52,
            "name": "Antonio Kim",
            "position": "Paralegal",
            "office": "General Luna",
            "age": 29,
            "startDate": "2015/01/08",
            "salary": "$312303.56"
        },
        {
            "id": 53,
            "name": "Kelly Murray",
            "position": "Engineer III",
            "office": "Nanyue",
            "age": 40,
            "startDate": "2015/04/13",
            "salary": "$579819.64"
        },
        {
            "id": 54,
            "name": "Eugene Reynolds",
            "position": "Actuary",
            "office": "Krasnosilka",
            "age": 39,
            "startDate": "2014/12/14",
            "salary": "$823866.14"
        },
        {
            "id": 55,
            "name": "Henry Perkins",
            "position": "Financial Analyst",
            "office": "Macaé",
            "age": 39,
            "startDate": "2015/05/09",
            "salary": "$777825.69"
        },
        {
            "id": 56,
            "name": "Justin White",
            "position": "Engineer I",
            "office": "Yueyang",
            "age": 37,
            "startDate": "2014/09/10",
            "salary": "$395611.39"
        },
        {
            "id": 57,
            "name": "Sarah Cole",
            "position": "Data Coordiator",
            "office": "Artybash",
            "age": 27,
            "startDate": "2014/09/25",
            "salary": "$760798.43"
        },
        {
            "id": 58,
            "name": "Jeremy Bryant",
            "position": "Analog Circuit Design manager",
            "office": "Liudu",
            "age": 31,
            "startDate": "2015/08/16",
            "salary": "$861864.11"
        },
        {
            "id": 59,
            "name": "Howard Ramos",
            "position": "Mechanical Systems Engineer",
            "office": "Oula Xiuma",
            "age": 32,
            "startDate": "2015/08/19",
            "salary": "$646245.09"
        },
        {
            "id": 60,
            "name": "Frank Hamilton",
            "position": "Office Assistant IV",
            "office": "Skoghall",
            "age": 32,
            "startDate": "2015/02/18",
            "salary": "$875572.16"
        },
        {
            "id": 61,
            "name": "Jonathan Arnold",
            "position": "Recruiting Manager",
            "office": "Pianbai",
            "age": 39,
            "startDate": "2015/07/13",
            "salary": "$266929.04"
        },
        {
            "id": 62,
            "name": "Edward Martinez",
            "position": "Compensation Analyst",
            "office": "Pasireurih",
            "age": 27,
            "startDate": "2014/12/22",
            "salary": "$494246.74"
        },
        {
            "id": 63,
            "name": "Ernest Miller",
            "position": "Senior Sales Associate",
            "office": "Al Qurayshīyah",
            "age": 34,
            "startDate": "2015/04/09",
            "salary": "$358782.85"
        },
        {
            "id": 64,
            "name": "George Perkins",
            "position": "Project Manager",
            "office": "Soukkouma",
            "age": 20,
            "startDate": "2015/02/25",
            "salary": "$421023.06"
        },
        {
            "id": 65,
            "name": "Todd Hunt",
            "position": "Analyst Programmer",
            "office": "Azacualpa",
            "age": 28,
            "startDate": "2015/08/17",
            "salary": "$714900.82"
        },
        {
            "id": 66,
            "name": "Stephanie Ward",
            "position": "Analog Circuit Design manager",
            "office": "Vanderbijlpark",
            "age": 32,
            "startDate": "2015/04/25",
            "salary": "$616126.02"
        },
        {
            "id": 67,
            "name": "Diana Hayes",
            "position": "Tax Accountant",
            "office": "A’ershan",
            "age": 31,
            "startDate": "2015/02/20",
            "salary": "$659134.52"
        },
        {
            "id": 68,
            "name": "Walter Nguyen",
            "position": "Account Coordinator",
            "office": "Gulai",
            "age": 23,
            "startDate": "2015/06/08",
            "salary": "$326347.93"
        },
        {
            "id": 69,
            "name": "Christopher Fowler",
            "position": "Staff Accountant II",
            "office": "Paulba",
            "age": 38,
            "startDate": "2014/11/15",
            "salary": "$421254.50"
        },
        {
            "id": 70,
            "name": "Samuel Ramos",
            "position": "Environmental Tech",
            "office": "Munggang",
            "age": 35,
            "startDate": "2015/02/27",
            "salary": "$378279.21"
        },
        {
            "id": 71,
            "name": "Shawn Myers",
            "position": "VP Marketing",
            "office": "Simi Valley",
            "age": 31,
            "startDate": "2015/03/06",
            "salary": "$272821.83"
        },
        {
            "id": 72,
            "name": "Margaret Freeman",
            "position": "VP Sales",
            "office": "Liangshui",
            "age": 32,
            "startDate": "2014/10/23",
            "salary": "$925228.83"
        },
        {
            "id": 73,
            "name": "Marilyn Baker",
            "position": "Mechanical Systems Engineer",
            "office": "Jixiang",
            "age": 22,
            "startDate": "2015/06/17",
            "salary": "$610871.84"
        },
        {
            "id": 74,
            "name": "Theresa Rodriguez",
            "position": "Environmental Tech",
            "office": "Wangping",
            "age": 31,
            "startDate": "2015/07/17",
            "salary": "$534402.14"
        },
        {
            "id": 75,
            "name": "Diane Hansen",
            "position": "Analyst Programmer",
            "office": "Las Toscas",
            "age": 29,
            "startDate": "2015/02/17",
            "salary": "$703732.18"
        },
        {
            "id": 76,
            "name": "Samuel Burton",
            "position": "Financial Advisor",
            "office": "Talok",
            "age": 25,
            "startDate": "2015/03/14",
            "salary": "$330381.60"
        },
        {
            "id": 77,
            "name": "Aaron Williamson",
            "position": "Electrical Engineer",
            "office": "Parachinar",
            "age": 32,
            "startDate": "2015/07/21",
            "salary": "$584951.87"
        },
        {
            "id": 78,
            "name": "Peter Torres",
            "position": "Account Coordinator",
            "office": "Skinnskatteberg",
            "age": 39,
            "startDate": "2015/08/04",
            "salary": "$300570.66"
        },
        {
            "id": 79,
            "name": "Bobby Harper",
            "position": "Analyst Programmer",
            "office": "Skole",
            "age": 21,
            "startDate": "2015/05/16",
            "salary": "$432678.86"
        },
        {
            "id": 80,
            "name": "Jessica Tucker",
            "position": "Web Designer I",
            "office": "Weixing",
            "age": 28,
            "startDate": "2015/05/13",
            "salary": "$507728.52"
        },
        {
            "id": 81,
            "name": "Julie Simmons",
            "position": "VP Product Management",
            "office": "Rejoyoso",
            "age": 27,
            "startDate": "2015/06/13",
            "salary": "$138616.24"
        },
        {
            "id": 82,
            "name": "Douglas Murray",
            "position": "Research Nurse",
            "office": "Alfena",
            "age": 34,
            "startDate": "2015/04/02",
            "salary": "$581295.83"
        },
        {
            "id": 83,
            "name": "Dorothy Walker",
            "position": "Operator",
            "office": "Al Manzilah",
            "age": 24,
            "startDate": "2015/07/29",
            "salary": "$805146.34"
        },
        {
            "id": 84,
            "name": "Kelly Howard",
            "position": "Structural Analysis Engineer",
            "office": "Gnojnik",
            "age": 31,
            "startDate": "2014/09/02",
            "salary": "$242325.51"
        },
        {
            "id": 85,
            "name": "Stephen Henderson",
            "position": "Civil Engineer",
            "office": "Karangsari",
            "age": 32,
            "startDate": "2014/11/06",
            "salary": "$391399.50"
        },
        {
            "id": 86,
            "name": "Billy Carroll",
            "position": "Engineer IV",
            "office": "Stettler",
            "age": 20,
            "startDate": "2015/05/13",
            "salary": "$550771.69"
        },
        {
            "id": 87,
            "name": "Amy Gonzalez",
            "position": "Information Systems Manager",
            "office": "Chengtang",
            "age": 23,
            "startDate": "2015/02/16",
            "salary": "$379572.50"
        },
        {
            "id": 88,
            "name": "Mary Shaw",
            "position": "VP Marketing",
            "office": "Judaydah",
            "age": 23,
            "startDate": "2015/04/02",
            "salary": "$635917.49"
        },
        {
            "id": 89,
            "name": "Jeremy Ryan",
            "position": "Senior Cost Accountant",
            "office": "Tazemmourt",
            "age": 29,
            "startDate": "2015/08/11",
            "salary": "$969324.38"
        },
        {
            "id": 90,
            "name": "Ruth Fuller",
            "position": "Product Engineer",
            "office": "Chabany",
            "age": 22,
            "startDate": "2014/12/26",
            "salary": "$522863.23"
        },
        {
            "id": 91,
            "name": "Nicholas Elliott",
            "position": "Clinical Specialist",
            "office": "Benevides",
            "age": 29,
            "startDate": "2014/12/06",
            "salary": "$816435.06"
        },
        {
            "id": 92,
            "name": "Katherine Kennedy",
            "position": "Human Resources Assistant IV",
            "office": "Armstrong",
            "age": 40,
            "startDate": "2015/08/25",
            "salary": "$256709.80"
        },
        {
            "id": 93,
            "name": "Mark Moore",
            "position": "Operator",
            "office": "Longar",
            "age": 21,
            "startDate": "2015/01/30",
            "salary": "$650184.41"
        },
        {
            "id": 94,
            "name": "Bobby Mccoy",
            "position": "Food Chemist",
            "office": "Coroico",
            "age": 33,
            "startDate": "2015/02/06",
            "salary": "$829052.95"
        },
        {
            "id": 95,
            "name": "Beverly Schmidt",
            "position": "Cost Accountant",
            "office": "Bāsawul",
            "age": 23,
            "startDate": "2015/08/15",
            "salary": "$742968.54"
        },
        {
            "id": 96,
            "name": "Gerald Martinez",
            "position": "Junior Executive",
            "office": "Jiaoxiyakou",
            "age": 28,
            "startDate": "2014/11/25",
            "salary": "$814763.10"
        },
        {
            "id": 97,
            "name": "George Wilson",
            "position": "Office Assistant I",
            "office": "Gorzyczki",
            "age": 23,
            "startDate": "2015/07/30",
            "salary": "$741807.86"
        },
        {
            "id": 98,
            "name": "Shirley Crawford",
            "position": "Community Outreach Specialist",
            "office": "Rudniki",
            "age": 35,
            "startDate": "2014/09/23",
            "salary": "$387806.93"
        },
        {
            "id": 99,
            "name": "Diana Carpenter",
            "position": "Speech Pathologist",
            "office": "Pajapita",
            "age": 25,
            "startDate": "2015/03/28",
            "salary": "$954517.23"
        },
        {
            "id": 100,
            "name": "Virginia Garrett",
            "position": "Systems Administrator III",
            "office": "Kuala Lumpur",
            "age": 33,
            "startDate": "2015/02/01",
            "salary": "$698280.06"
        }
    ]
}