{
    "data": [
        {
            "title": "Nature",
            "subtitle": "Mountain view from lake side",
            "text": "Look deep into nature, then you will understand everything better.",
            "media": {
                "image": {
                    "src": "assets/images/etc/early-sunrise.jpg",
                    "alt": "Early Sunrise"
                }
            }
        },
        {
            "avatar": {
                "src": "assets/images/avatars/alice.jpg",
                "alt": "Alice Freeman"
            },
            "title": "Alice Freeman posted on Nature",
            "subtitle": "32 minutes ago",
            "text": "Look deep into nature, then you will understand everything better. Look deep into nature, then you will understand everything better.",
            "media": {
                "image": {
                    "src": "assets/images/etc/early-sunrise.jpg",
                    "alt": "Early Sunrise"
                }
            }
        },
        {
            "title": "Poison",
            "subtitle": "Alice Cooper",
            "cta": "LISTEN NOW",
            "media": {
                "image": {
                    "src": "assets/images/etc/alice-cooper-poison.jpg",
                    "alt": "Alice Cooper - Poison"
                }
            }
        },
        {
            "title": "Nature",
            "text": "Look deep into nature, then you will understand everything better. Look deep into nature, then you will understand everything better.",
            "media": {
                "image": {
                    "src": "assets/images/etc/avenue.jpg",
                    "alt": "Avenue"
                }
            }
        },
        {
            "title": "Friends",
            "event": "Andrew Ryan is now following you",
            "media": {
                "image": {
                    "src": "assets/images/avatars/vincent.jpg",
                    "alt": "Andrew Ryan"
                }
            }
        },
        {
            "title": "The Fallout 4 Pip-Boy Edition Is Back In Stock Now",
            "subtitle": "Kotaku",
            "text": "The Fallout 4 Pip-Boy edition is back in stock at Gamestop, for all 3 platforms. Additionally, Walmart also has it in stock for the PS4 and Xbox One as of this writing, as does Best Buy. Lorem ipsum dolor sit amet, consectetur adipiscing elit. Donec laoreet mauris sit amet metus porttitor ultrices. Interdum et malesuada fames ac ante ipsum primis in faucibus."
        },
        {
            "title": "Rate this album",
            "subtitle": "Alice Cooper",
            "text": "Poison",
            "media": {
                "image": {
                    "src": "assets/images/etc/alice-cooper-poison.jpg",
                    "alt": "Alice Cooper - Poison"
                }
            }
        },
        {
            "title": "Nature",
            "subtitle": "Mountain view from lake side",
            "button1": "DETAILS",
            "button2": "SHARE",
            "text": "Look deep into nature, then you will understand everything better. Look deep into nature, then you will understand everything better. Duis leo enim, interdum vitae commodo quis, ullamcorper eget lectus. Phasellus auctor tellus id sem dictum gravida. Quisque vitae enim quis libero ultricies dictum sit amet vitae metus. Mauris efficitur nisi eu metus eleifend, sit amet molestie eros viverra.",
            "media": {
                "image": {
                    "src": "assets/images/etc/early-sunrise.jpg",
                    "alt": "Early Sunrise"
                }
            }
        },
        {
            "avatar": {
                "src": "assets/images/avatars/alice.jpg",
                "alt": "Alice Freeman"
            },
            "title": "Alice Freeman posted on Nature",
            "subtitle": "Aug 29, 2015",
            "text": "Look deep into nature, then you will understand everything better. Look deep into nature, then you will understand everything better.",
            "media": {
                "image": {
                    "src": "assets/images/etc/early-sunrise.jpg",
                    "alt": "Early Sunrise"
                }
            }
        },
        {
            "title": "Health",
            "subtitle": "Stimpaks are good for you",
            "media": {
                "image": {
                    "src": "assets/images/logos/fallout.png",
                    "alt": "Andrew Ryan"
                }
            },
            "text": "Cras lobortis justo vel risus pulvinar, a fermentum eros luctus. Aliquam quis tortor ornare metus bibendum consectetur. Mauris tincidunt libero eros, et tempus justo tristique nec. Proin mollis sagittis ligula ac sollicitudin. Ut imperdiet purus varius, tristique nisi eu, sagittis mauris."
        }
    ]
}