{
    "data": [
        {
        	"id":1,
            "user_country_code": "001",
            "user_mobile": "2025550175",
            "user_email": "abbott@withinpixels.com",
            "amount":100
        },
        {
        	"id":2,
            "user_country_code": "002",
            "user_mobile": "2027770000",
            "user_email": "barrera@withinpixels.com",
            "amount":200
        },
        {
        	"id":3,
            "user_country_code": "003",
            "user_mobile": "2025559999",
            "user_email": "blair@withinpixels.com",
            "amount":300
        }
        
    ]
}


