{
    "data": {
        "general": {
            "gender": "Female",
            "birthday": "May 8th, 1988",
            "locations": [
                "Istanbul, Turkey",
                "New York, USA"
            ],
            "about": "Lorem ipsum dolor sit amet, consectetur adipiscing elit. Duis eget pharetra felis, sed ullamcorper dui. Sed et elementum neque. Vestibulum pellente viverra ultrices. Etiam justo augue, vehicula ac gravida a, interdum sit amet nisl. Integer vitae nisi id nibh dictum mollis in vitae tortor."
        },
        "work": {
            "occupation": "Developer",
            "skills": "C#, PHP, Javascript, Angular, JS, HTML, CSS",
            "jobs": [
                {
                    "company": "Self-Employed",
                    "date": "2010 - Now"
                },
                {
                    "company": "Google",
                    "date": "2008 - 2010"
                }
            ]
        },
        "contact": {
            "address": "Ut pharetra luctus est quis sodales. Duis nisi tortor, bibendum eget tincidunt, aliquam ac elit. Mauris nec euismod odio.",
            "tel": [
                "+6 555 6600",
                "+9 555 5255"
            ],
            "websites": [
                "withinpixels.com"
            ],
            "emails": [
                "mail@withinpixels.com",
                "mail@creapond.com"
            ]
        },
        "groups": [
            {
                "logo": "assets/images/logos/android.png",
                "name": "Android",
                "category": "Technology",
                "members": "1.856.546"
            },
            {
                "logo": "assets/images/logos/google.png",
                "name": "Google",
                "category": "Web",
                "members": "1.226.121"
            },
            {
                "logo": "assets/images/logos/fallout.png",
                "name": "Fallout",
                "category": "Games",
                "members": "526.142"
            }
        ],
        "friends": [
            {
                "name": "Garry Newman",
                "avatar": "assets/images/avatars/garry.jpg"
            },
            {
                "name": "Carl Henderson",
                "avatar": "assets/images/avatars/carl.jpg"
            },
            {
                "name": "Jane Dean",
                "avatar": "assets/images/avatars/jane.jpg"
            },
            {
                "name": "Garry Arnold",
                "avatar": "assets/images/avatars/garry.jpg"
            },
            {
                "name": "Vincent Munoz",
                "avatar": "assets/images/avatars/vincent.jpg"
            },
            {
                "name": "Alice Freeman",
                "avatar": "assets/images/avatars/alice.jpg"
            },
            {
                "name": "Andrew Green",
                "avatar": "assets/images/avatars/andrew.jpg"
            }
        ]
    }
}