{
    "data": [
        {
            "name": "June 2015",
            "info": "5 Photos",
            "media": [
                {
                    "type": "photo",
                    "title": "Mountain Sunset",
                    "preview": "assets/images/etc/mountain-sunset.jpg"
                },
                {
                    "type": "photo",
                    "title": "Mountain Lake",
                    "preview": "assets/images/etc/mountain-lake.jpg"
                },
                {
                    "type": "photo",
                    "title": "Hot air balloons",
                    "preview": "assets/images/etc/air-balloons.jpg"
                },
                {
                    "type": "photo",
                    "title": "Cactus",
                    "preview": "assets/images/etc/cactus.jpg"
                },
                {
                    "type": "photo",
                    "title": "Road Trip",
                    "preview": "assets/images/etc/road-trip.jpg"
                }
            ]
        },
        {
            "name": "May 2015",
            "info": "7 Photos, 3 Videos",
            "media": [
                {
                    "type": "photo",
                    "title": "Mountain Sunset",
                    "preview": "assets/images/etc/mountain-sunset.jpg"
                },
                {
                    "type": "photo",
                    "title": "Mountain Lake",
                    "preview": "assets/images/etc/mountain-lake.jpg"
                },
                {
                    "type": "photo",
                    "title": "Hot air balloons",
                    "preview": "assets/images/etc/air-balloons.jpg"
                },
                {
                    "type": "photo",
                    "title": "Cactus",
                    "preview": "assets/images/etc/cactus.jpg"
                },
                {
                    "type": "photo",
                    "title": "Road Trip",
                    "preview": "assets/images/etc/road-trip.jpg"
                },
                {
                    "type": "photo",
                    "title": "Mountain Sunset",
                    "preview": "assets/images/etc/mountain-sunset.jpg"
                },
                {
                    "type": "photo",
                    "title": "Mountain Lake",
                    "preview": "assets/images/etc/mountain-lake.jpg"
                },
                {
                    "type": "photo",
                    "title": "Hot air balloons",
                    "preview": "assets/images/etc/air-balloons.jpg"
                },
                {
                    "type": "photo",
                    "title": "Cactus",
                    "preview": "assets/images/etc/cactus.jpg"
                },
                {
                    "type": "photo",
                    "title": "Road Trip",
                    "preview": "assets/images/etc/road-trip.jpg"
                }
            ]
        },
        {
            "name": "April 2015",
            "info": "5 Photos",
            "media": [
                {
                    "type": "photo",
                    "title": "Mountain Sunset",
                    "preview": "assets/images/etc/mountain-sunset.jpg"
                },
                {
                    "type": "photo",
                    "title": "Mountain Lake",
                    "preview": "assets/images/etc/mountain-lake.jpg"
                },
                {
                    "type": "photo",
                    "title": "Hot air balloons",
                    "preview": "assets/images/etc/air-balloons.jpg"
                },
                {
                    "type": "photo",
                    "title": "Cactus",
                    "preview": "assets/images/etc/cactus.jpg"
                },
                {
                    "type": "photo",
                    "title": "Road Trip",
                    "preview": "assets/images/etc/road-trip.jpg"
                },
                {
                    "type": "photo",
                    "title": "Mountain Sunset",
                    "preview": "assets/images/etc/mountain-sunset.jpg"
                },
                {
                    "type": "photo",
                    "title": "Mountain Lake",
                    "preview": "assets/images/etc/mountain-lake.jpg"
                }
            ]
        }
    ]
}