{
    "activities": [
        {
            "user": {
                "name": "Alice Freeman",
                "avatar": "assets/images/avatars/alice.jpg"
            },
            "message": "started following you.",
            "time": "13 mins. ago"
        },
        {
            "user": {
                "name": "Andrew Green",
                "avatar": "assets/images/avatars/andrew.jpg"
            },
            "message": "sent you a message.",
            "time": "June 10,2015"
        },
        {
            "user": {
                "name": "Garry Newman",
                "avatar": "assets/images/avatars/garry.jpg"
            },
            "message": "shared a public post with your group.",
            "time": "June 9,2015"
        },
        {
            "user": {
                "name": "Carl Henderson",
                "avatar": "assets/images/avatars/carl.jpg"
            },
            "message": "wants to play Fallout Shelter with you.",
            "time": "June 8,2015"
        },
        {
            "user": {
                "name": "Jane Dean",
                "avatar": "assets/images/avatars/jane.jpg"
            },
            "message": "started following you.",
            "time": "June 7,2015"
        },
        {
            "user": {
                "name": "Juan Carpenter",
                "avatar": "assets/images/avatars/james.jpg"
            },
            "message": "sent you a message.",
            "time": "June 6,2015"
        },
        {
            "user": {
                "name": "Judith Burton",
                "avatar": "assets/images/avatars/joyce.jpg"
            },
            "message": "shared a photo with you.",
            "time": "June 5,2015"
        },
        {
            "user": {
                "name": "Vincent Munoz",
                "avatar": "assets/images/avatars/vincent.jpg"
            },
            "message": "shared a photo with you.",
            "time": "June 4,2015"
        }
    ],
    "posts": [
        {
            "user": {
                "name": "Garry Newman",
                "avatar": "assets/images/avatars/garry.jpg"
            },
            "message": "Remember the place we were talking about the other night? Found it!",
            "time": "32 minutes ago",
            "type": "post",
            "like": 5,
            "share": 21,
            "media": {
                "type": "image",
                "preview": "assets/images/etc/early-sunrise.jpg"
            },
            "comments": [
                {
                    "user": {
                        "name": "Alice Freeman",
                        "avatar": "assets/images/avatars/alice.jpg"
                    },
                    "time": "June 10, 2015",
                    "message": "That’s a wonderful place. Lorem ipsum dolor sit amet, consectetur adipiscing elit. Fusce et eleifend ligula. Fusce posuere in sapien ac facilisis. Etiam sit amet justo non felis ornare feugiat."
                }
            ]
        },
        {
            "user": {
                "name": "Andrew Green",
                "avatar": "assets/images/avatars/andrew.jpg"
            },
            "message": "Hey, man! Check this, it’s pretty awesome!",
            "time": "June 12, 2015",
            "type": "article",
            "like": 98,
            "share": 6,
            "article": {
                "title": "The Fallout 4 Pip-Boy Edition Is Back In Stock Now",
                "subtitle": "Kotaku",
                "excerpt": "The Fallout 4 Pip-Boy edition is back in stock at Gamestop, for all 3 platforms. Additionally, Walmart also has it in stock for the PS4 and Xbox One as of this writing, as does Best Buy.",
                "media": {
                    "type": "image",
                    "preview": "assets/images/etc/fallout.jpg"
                }
            },
            "comments": [
                {
                    "user": {
                        "name": "Alice Freeman",
                        "avatar": "assets/images/avatars/alice.jpg"
                    },
                    "time": "June 10, 2015",
                    "message": "That’s a wonderful place. Lorem ipsum dolor sit amet, consectetur adipiscing elit. Fusce et eleifend ligula. Fusce posuere in sapien ac facilisis. Etiam sit amet justo non felis ornare feugiat."
                }
            ]
        },
        {
            "user": {
                "name": "Carl Henderson",
                "avatar": "assets/images/avatars/carl.jpg"
            },
            "message": "Lorem ipsum dolor sit amet, consectetur adipiscing elit. Fusce et eleifend ligula. Fusce posuere in sapien ac facilisis. Etiam sit amet justo non felis ornare feugiat. Aenean lorem ex, ultrices sit amet ligula sed...",
            "time": "June 10, 2015",
            "type": "something",
            "like": 4,
            "share": 1
        },
        {
            "user": {
                "name": "Jane Dean",
                "avatar": "assets/images/avatars/jane.jpg"
            },
            "time": "June 1, 2015",
            "type": "video",
            "like": 9,
            "share": 115,
            "media": {
                "type": "video",
                "embed": "<iframe src='https://player.vimeo.com/video/87993762' width='500' height='281' frameborder='0' webkitallowfullscreen mozallowfullscreen allowfullscreen></iframe> <p><a href='https://vimeo.com/87993762'>Durak (Stop) - 2014 (Animated Short Film)</a> from <a href='https://vimeo.com/user6727540'>serdarcotuk</a> on <a href='https://vimeo.com'>Vimeo</a>.</p>"
            }
        }
    ]
}