[{
    "group": "card_holder_creation_allowed_single",
    "permissions": [{
      "resource": "walletuserEP",
      "methods": [
        "POST"
      ],
    "action": "allow"
    }]
  },
  {
    "group": "card_holder_creation_allowed_bulk",
    "permissions": [{
      "resource": "walletuserEPBulk",
      "methods": [
        "POST"
      ],
    "action": "allow"
    }]
  },
  {
  "group": "cash_in_allowed_single",
    "permissions": [{
      "resource": "cashinEP",
      "methods": [
        "POST"
      ],
    "action": "allow"
    }]
  },
  {
  "group": "cash_in_allowed_bulk",
    "permissions": [{
      "resource": "cashinEPbulk",
      "methods": [
        "POST"
      ],
    "action": "allow"
    }]
  },
  {
  "group": "cash_out_allowed_single",
    "permissions": [{
      "resource": "cashoutEP",
      "methods": [
        "POST",
        "PUT"
      ],
    "action": "allow"
    }]
  },
    {
  "group": "cash_out_allowed_bulk",
    "permissions": [{
      "resource": "cashoutEPBulk",
      "methods": [
        "POST"
      ],
    "action": "allow"
    }]
  },
  {
  "group": "agent_creation_allowed",
    "permissions": [{
      "resource": "agents",
      "methods": [
        "POST"
      ],
    "action": "allow"
    }]
  }
]