{
    "APPLICATION_HOST":"https://payasia-mx-uat.mmvpay.com/",
    "IH_ENDPOINT":"https://beta-ih.mmvpay.com/api/v1/",
    "AUTH":{
      "MODE":"oauth",
      "CLIENT_ID":"sgmc-frontend",
      "CLIENT_SECRET":"NGZmMzRlYTRmMTY2NWQ1NjU4MmRhOGFhZTUzMzI5ODY3MjBmYTIxZDg4OTU2YTdlZmI1OGQ5ZTY1ZjUzMGE5Zg"
    },
    "CASHOUT": {
        "SINGLE": {
            "POST_PATH": "users/wallets/debit",
            "PUT_PATH": "users/wallets/debit",
            "RECEIVING_END_POINT": "https://payasia-mx-uat.mmvpay.com/actions/cashout/single"
        },
        "BULK":{
            "DELETE_PATH": "users/wallets/funds",
            "STATUS_PATH": "users/wallets/funds"
        }
    },
    "ASYNC_DELAY": {
        "BULK_WALLET_CREATE": 8000,
        "BULK_CASHIN": 5000,
        "BULK_CASHOUT": 1000
    },
    "CASH_IN": {
      "API_PATH":"users/wallets/funds",
      "PMT_PROVIDER" : "MPEX"
    },
    "WALLET_CREATION": {
      "API_PATH":"users",
      "WALLET_SIGNUP_TYPE":"mobile",
      "WALLET_USER_PASSWORD": "Mmg@123456",
      "WALLET_USER_ORIGIN": "mpex"
    },
    "CARD_CREATION":{
        "API_PATH":"users/wallets/cards",
        "CARD_CREATION_ON_WALLET":"yes",
        "DEFAULT_CARD_TYPE":"mcmmgcard"
    },
    "MANDRILL":{
        "API_KEY": "Zq74p6mspN5pzxemclcXoA",
        "RESET_MAIL_RECEIPT_ENDPOINT":"auth/reset-password",
        "TEMPLATE_KEYS":{
            "REGISTRATION": "MCW-MPEX-ADMIN-REGISTRATION",
            "FORGOT_PASSWORD":"",
            "RESET_PASSWORD":""
        }
    }
}
