{
    "APPLICATION_PARAMS": "{\"platform\":\"web\"}",
    "DEPLOY_ENV": "UAT",
    "ACCOUNT_DETAILS_PARAMS": "{\"has_profile_image\":true,\"cgwEnabled\":false,\"supports_foreigner\":false,\"pre_kyc\": {\"min_age\": 0, \"default_country_of_issue\": \"sg\", \"default_country_of_residence\": \"sg\", \"default_country_of_billing\": \"sg\",\"default_country_of_mailing\": \"sg\", \"default_country_of_issue_restricted\": true, \"default_country_of_residence_restricted\": true, \"default_country_of_billing_restricted\": false, \"default_country_of_mailing_restricted\": false}, \"post_kyc\":{\"min_age\": 18, \"default_country_of_issue\": \"sg\", \"default_country_of_residence\": \"sg\", \"default_country_of_mailing_restricted\": false,\"default_country_of_mailing\": \"sg\", \"default_country_of_billing\": \"sg\", \"default_country_of_issue_restricted\": true, \"default_country_of_residence_restricted\": true, \"default_country_of_billing_restricted\": false, \"disabled_fields\":{\"email\": false, \"title\": false, \"mobile\": false,\"gender\": false,\"birthday\": false,\"identification\":false,\"countryofissue\":false, \"residential\": false, \"billing\": false}}}",
    "HTTP_HOST": "https://sg-uat-35.mmvpay.com/",
    "API_BASE": "https://beta-ih.mmvpay.com/api/v1/",
    "API_HOST": "beta-ih.mmvpay.com",
    "ENCRYPTED_PAN": true,
    "LOG_DEBUG": true,
    "CONTENT_NET": "{\"apiKey\": \"AIzaSyDv4Mbsh0X8SuHfVXlG2JMhZQv2VK46cDI\", \"authDomain\": \"sgmc-base-content-net-uat.firebaseapp.com\", \"databaseURL\": \"https://sgmc-base-content-net-uat.firebaseio.com\", \"storageBucket\": \"sgmc-base-content-net-uat.appspot.com\", \"messagingSenderId\": \"602081090287\"}",
    "CONTENT_NET_AUTH": "{\"cred\": \"Mmg@123456\", \"uid\": \"cards@matchmove.com\"}",
    "OAUTH_CREDENTIALS": "{ \"id\": \"sgmc-frontend\", \"secret\": \"NGZmMzRlYTRmMTY2NWQ1NjU4MmRhOGFhZTUzMzI5ODY3MjBmYTIxZDg4OTU2YTdlZmI1OGQ5ZTY1ZjUzMGE5Zg\" }",
    "MPIN": "{\"db_name\":\"MpinDatabase1.db\",\"iosDatabaseLocation\":\"default\"}",
    "LOAD_PARAMETERS": "{\"max\": 1000, \"min\": 1, \"ngminlength\": 1, \"ngmaxlength\":7}",
    "UNLOAD_PARAMETERS": "{\"max\": 1000, \"min\": 1, \"ngminlength\": 1, \"ngmaxlength\":7}",
    "REMIT_PARAMS": "{\"remittanceReason\": [{\"id\": 1, \"reason\":\"Family Expense / Savings\"},{\"id\": 2, \"reason\":\"Personal Gifts & Donations\"},{\"id\": 3, \"reason\":\"Donations - Charity / Gov org\"},{\"id\": 4, \"reason\":\"Loan Repayment\"},{\"id\": 5, \"reason\":\"Travelling\"},{\"id\": 6, \"reason\":\"Education Fees\"},{\"id\": 7, \"reason\":\"Medical Fees\"},{\"id\": 8, \"reason\":\"Pay / Salary\"},{\"id\": 9, \"reason\":\"Insurance\"},{\"id\": 10, \"reason\":\"Investment\"},{\"id\": 11, \"reason\":\"Other\"}],\"requireKyc\": true,\"baseCurrency\": \"SGD\",\"corridors\":[{\"iso3166\":\"PHL\",\"name\":\"Philippines\",\"currencies\":[{\"iso421\":\"PHP\",\"name\":\"Philippines Peso\"}],\"modes\":[{\"code\":\"MWALLET\",\"name\":\"Mobile Money Transfer\",\"partners\":[{\"partner_name\": \"GCash\",\"routing_type\":\"DESTINATION\",\"receive_currency\": \"PHP\",\"receive_digit_precision\": \"2\",\"flow_type\": \"synchronous\",\"routing_tag\": \"PH-GLOBE\",\"routing_type\":\"DESTINATION\",\"exchange_rate\": \"44.1970\",\"destination_uri\": \"+639121231231\"},{\"partner_name\": \"Smart Money\",\"receive_currency\": \"PHP\",\"receive_digit_precision\": \"2\",\"flow_type\": \"synchronous\",\"routing_tag\": \"SMART-PH\",\"routing_type\":\"DESTINATION\",\"exchange_rate\": \"44.1970\",\"destination_uri\": \"+639121231231\"}]}]}]}",
    "TRANSLATION_PARAMS": "{\"partFilesPath\": \"../assets/locales/\", \"preferredLanguage\": \"en_us\", \"client\": \"\", \"source\":\"https://vcard1.s3.amazonaws.com/hdbank/multi/\" , \"supportedLanguages\": [{\"i18n\":\"en_us\", \"name\":\"English\"}]}",
    "COUNTRY_SUPPORT": "{\"preKYC\":{\"signup\": {\"multicountry\": false,\"defaultCountry\": \"sg\"},\"transfer\": {\"multicountry\": false,\"defaultCountry\": \"sg\"},\"details\":{\"multicountry\": false,\"defaultCountry\": \"sg\"}},\"postKYC\":{\"transfer\": {\"multicountry\": true,\"defaultCountry\": \"sg\",\"preferredCountries\": [\"sg\",\"ph\",\"vn\",\"th\"],\"excludeCountries\": [\"AF\",\"KP\",\"IR\",\"IQ\"]},\"details\":{\"multicountry\": true,\"defaultCountry\": \"sg\",\"preferredCountries\": [\"sg\",\"ph\",\"vn\",\"th\"],\"excludeCountries\": [\"AF\",\"KP\",\"IR\",\"IQ\"]}}}",
    "SIGNUP_PARAMS": "{\"allowedIdType\":[{\"nric\": \"PAGES.WALLET_CREATE.ID_TYPE_TEXT.NRIC\",\"epfin\":\"PAGES.WALLET_CREATE.ID_TYPE_TEXT.EP_FIN\",\"spass\":\"PAGES.WALLET_CREATE.ID_TYPE_TEXT.S_PASS\",\"wp\":\"PAGES.WALLET_CREATE.ID_TYPE_TEXT.WORK_PERMIT\"}],\"allowNationalityType\": false,\"requireTnc\": true,\"requireLoginPostSignup\": false,\"redirectionUrl\": \"wallet.home\", \"phoneOnly\":true,\"DoB\":{\"enabled\":false, \"minAge\":18}}",
    "TRANSFER_PARAMS": "{\"requireKyc\": false,\"modes\": [ \"email\",\"mobile\"],\"feesType\": \"flat\",\"feesValue\": 0,\"minAmount\": 1,\"defaultTotal\":10}",
    "CARD_ORDER_CONSTANTS": "{\"orderPlaced\": \"Card Order placed\",\"orderDispatched\": \"Card Order Dispatched\",\"orderAdded\": \"Card Added\",\"orderActivated\": \"Card Activated\"}",
    "CONTACT_DETAILS": "{\"tollFree\": \"1800 271 1371\",\"internationalCalling\": \"+65 6271 1371\",\"eMail\": \"contactus@matchmove.com\"}",
    "LOYALTY_PARAMS": "{\"enabled\": true, \"denomination\":\"MMV Points\", \"preKyc\":{\"allowed\":true,\"claimAllowed\":false},\"postKyc\":{\"allowed\":true,\"claimAllowed\":true}}",
    "PREFERRED_CARD_CODE": "mcmmgcard",
    "WALLET_NAME": "Matchmove Wallet",
    "ASSET_ROOT": "/assets/icons/",
    "REFERRAL_CANDY_PARAMS": "{\"enabled\":false,\"referalCurrency\":\"SGD\",\"referalAmount\":10,\"secret\":\"8425ba90285beceb7453e0e248e1b0d4\",\"appId\":\"sjnnafnpwv64gygz1p2al6bol\"}",
    "PAYMENT_ASSETS": "https://vcard-assets.s3.amazonaws.com/payments/",
    "PHYSICAL_CARD_CODE": "mcmmgpcard",
    "DASHBOARD_REQUIRE_KYC": false,
    "TOPUP_REQUIRE_KYC": false,
    "TRANSFER_REQUIRE_KYC": false,
    "GETANOTHERCARD_REQUIRE_KYC": false,
    "GET_FIRST_CARD": "{\"FirstCardDataSeekPoints\": {\"email\": {\"langKey\": \"EMAIL\",\"switch\": \"OFF\"},\"mobile\": {\"langKey\": \"MOBILE\",\"switch\": \"OFF\"},\"profile\": {\"langKey\": \"PROFILE\",\"switch\": \"OFF\" },\"addressInfo\": {\"langKey\": \"ADDRESS_INFORMATION\",\"switch\": \"OFF\"},\"KYC\": {\"langKey\": \"KYC\",\"switch\": \"OFF\"}}}",
    "GET_ANOTHER_CARD": "{\"isStatic\":false,\"preKyc\": {\"totalCount\": 5,\"maxVirtualCards\": 5,\"maxPhysicalCards\": 5},\"postKyc\": {\"totalCount\": 10,\"maxVirtualCards\": 10,\"maxPhysicalCards\": 10},\"physicalCard\": {\"activationMode\": {\"ordered\": {\"proxyNumber\": true,\"cardNumber\": true},\"purchased\": {\"proxyNumber\": true, \"cardNumber\": true}},\"constants\": {\"orderPlaced\": \"Card Order placed\",\"orderDispatched\": \"Card Order Dispatched\",\"orderAdded\": \"Card Added\",\"orderActivated\": \"Card Activated\"},\"cardOrderEnabled\": true,\"cardActivationEnabled\": true},\"cardsSupported\": [{\"name\": \"MatchMove IMBA Physical Card\",\"cardCode\": \"mcimbagpcard\",\"orderFee\": 0, \"type\":\"physical\",\"image\": \"https://vcard-assets.s3.amazonaws.com/sg/product/mcimbagpcard/card-large.png\"},{\"name\": \"MatchMove Physical Card\",\"cardCode\": \"mcmmgpcard\",\"orderFee\": 0, \"type\":\"physical\",\"image\": \"https://vcard-assets.s3.amazonaws.com/sg/product/mcmmgcard/card-large.png\"}, {\"name\": \"MatchMove Imba Card\",\"cardCode\": \"mcimbacard\",\"orderFee\": 0, \"type\":\"virtual\",\"image\": \"https://vcard-assets.s3.amazonaws.com/sg/product/mcimbacard/card-large.png\"}, {\"name\": \"MatchMove Virtual MasterCard\",\"cardCode\": \"mcmmgcard\",\"orderFee\": 0, \"type\":\"virtual\",\"image\": \"https://vcard-assets.s3.amazonaws.com/sg/product/mcmmgcard/card-large.png\"}]}",
    "CLAIM_REQUIRE_KYC": false,
    "REDIRECTION_URL": "wallet.home",
    "BASE_CURRENCY": "SGD",
    "MM_BRANDING": false,
    "EMAIL_VERIFICATION_URL": "auth/email/activate",
    "CHANGE_PASSWORD_URL": "auth/password/change",
    "RECOVER_PASSWORD_URL": "auth/password/forgot",
    "TRANSFER_ENDPOINT": "{\"existingUser\":\"auth/login?referrer=transfer\", \"newUser\": \"auth/create/:token\" }",
    "KYC_UPLOAD_SETTINGS": "{\"allowedIdType\":[{\"nric\": \"PAGES.WALLET_DETAILS.ID_TYPE_TEXT.NRIC\",\"epfin\":\"PAGES.WALLET_DETAILS.ID_TYPE_TEXT.EP_FIN\",\"spass\":\"PAGES.WALLET_DETAILS.ID_TYPE_TEXT.S_PASS\",\"wp\":\"PAGES.WALLET_DETAILS.ID_TYPE_TEXT.WORK_PERMIT\"}], \"numberOfFilesAllowed\":4,\"allowedTitle\":[{\"Mr\": \"PAGES.WALLET_DETAILS.MR\",\"Mrs\":\"PAGES.WALLET_DETAILS.MRS\",\"Miss\":\"PAGES.WALLET_DETAILS.MISS\",\"Dr\":\"PAGES.WALLET_DETAILS.DR\",\"Madam\":\"PAGES.WALLET_DETAILS.MADAM\"}], \"KYCProcessStates\": [\"not_submitted\", \"pending\", \"rejected\", \"submitted\", \"f2f_request\", \"f2f_approved\", \"approved\"], \"KYCDataSeekPoints\":{\"email\": {\"langKey\": \"EMAIL\", \"switch\":\"OFF\"},\"mobile\": {\"langKey\": \"MOBILE\", \"switch\":\"OFF\"},\"profile\": {\"langKey\": \"PROFILE\", \"switch\":\"ON\"},\"addressInfo\":{\"langKey\": \"ADDRESS_INFORMATION\", \"switch\":\"ON\"},\"KYC\": {\"langKey\": \"KYC\", \"switch\":\"ON\"}},\"allowedImgTypes\": [\"image/jpg\", \"image/jpeg\", \"image/png\", \"image/gif\"]}",
    "PAYMENT_DETAILS": "[{\"name\":\"Easypay2\",\"displayName\":\"Credit Card\",\"providerType\":\"online\",\"feesFlat\":0,\"feesPercent\":2.5,\"topupDuration\":\"Instant\",\"minimumAmt\":10,\"maximumAmt\":1000,\"rates\":[10,50,100,250],\"consumerKey\":\"5q1bwPRzW8tH2R4DQmAUPzx6UtGoc1Be\"},{\"name\":\"Enets\",\"displayName\":\"Enets\",\"providerType\":\"online\",\"feesFlat\":0,\"feesPercent\":2.8,\"topupDuration\":\"Instant\",\"minimumAmt\":10,\"maximumAmt\":1000,\"rates\":[10,50,100,250],\"consumerKey\":\"5q1bwPRzW8tH2R4DQmAUPzx6UtGoc1Be\"},{\"name\":\"DBS\",\"displayName\":\"POSB/DBS iBanking and ATM\",\"providerType\":\"offline\",\"feesFlat\":0,\"feesPercent\":0,\"topupDuration\":\"2-3 days\",\"minimumAmt\":10,\"maximumAmt\":1000},{\"name\":\"Moneysend\",\"displayName\":\"iBanking\",\"providerType\":\"offline\",\"feesFlat\":0,\"feesPercent\":0,\"topupDuration\":\"Instant - 2 days\",\"minimumAmt\":10,\"maximumAmt\":999}]",
    "STATE_HISTORY": "{\"track\":\"false\", \"sequential\":true, \"trackNoOfPages\": 5}",
    "CURRENCY_DISPLAY_SETTINGS": "{\"decimalSeparator\": \".\", \"thousandsSeparator\": \",\", \"thousandsGroupSize\":\"3\",\"currencySymbol\": \"SGD\", \"currencyPosition\": \"prefix\", \"numberDecimalPlaces\":\"2\", \"decimalRoundOff\": false}",
    "angularMomentConfig": {"timezone": "Asia/Singapore"},
    "TRANSACTION_OFFSET": "{\"type\": \"add\", \"hours\":\"0\", \"minutes\":\"0\"}",
    "OTP_VERIFY_WORKFLOW": "{\"switch\":\"ON\"}"
}
