{
  "config": {
    "beautify.hks": {
      "indent_size": 4,
      "indent_char": " ",
      "indent_level": 4,
      "indent_with_tabs": false,
      "preserve_newlines": true,
      "max_preserve_newlines": 10,
      "jslint_happy": true,
      "brace_style": "collapse",
      "keep_array_indentation": false,
      "keep_function_indentation": true,
      "space_before_conditional": true,
      "break_chained_methods": true,
      "eval_code": true,
      "unescape_strings": false,
      "wrap_line_length": 0
    }
  },
  "pre-commit": {
    "beautify.hks": "0.0.5"
  }
}
