{
    "data": [{
        "key": "first_name",
        "type": "input",
        "templateOptions": {
            "label": "First Name",
            "placeholder": "Please enter first name",
            "required":"true"
        }
    }, {
        "key": "last_name",
        "type": "input",
        "templateOptions": {
            "label": "Last Name",
            "placeholder": "Please enter last name",
            "required":"true"
        }
    }, {
        "key": "email",
        "type": "input",
        "templateOptions": {
            "label": "Email",
            "type": "email",
            "placeholder": "Please enter email",
            "required":"true"
        }
    }, {
        "key": "password",
        "type": "input",
        "templateOptions": {
            "label": "Password",
            "type": "password",
            "placeholder": "Please enter password",
            "required":"true"
        }
    }]
}
