{
    "data": [{
        "key": "name",
        "type": "input",
        "templateOptions": {
            "label": "Role Name",
            "placeholder": "Please enter role name",
            "required":"true"
        }
    }, {
        "key": "display_name",
        "type": "input",
        "templateOptions": {
            "label": "Display Name",
            "placeholder": "Please enter Display name",
            "required":"true"
        }
    }, {
        "key": "description",
        "type": "input",
        "templateOptions": {
            "label": "Description",
            "type": "description",
            "placeholder": "Please enter description",
            "required":"true"
        }
    }]
}
