{
    "data": [
        {
            "key": "email",
            "type": "input",
            "templateOptions": {
              "label": "Email",
              "placeholder": ""
            }
        },
        {
            "key": "user_id",
            "type": "input",
            "templateOptions": {
              "label": "User Id",
              "placeholder": ""
            }
        },
        {
            "key": "processor_ref_id",
            "type": "input",
            "templateOptions": {
              "label": "Processor Ref Id",
              "placeholder": ""
            }
        },
        {
            "key": "proxy_number",
            "type": "input",
            "templateOptions": {
              "label": "Proxy Number",
              "placeholder": ""
            }
        },
        {
            "key": "card_number",
            "type": "input",
            "templateOptions": {
              "label": "Card Number",
              "placeholder": ""
            }
        },
        {
            "key": "card_type",
            "type": "input",
            "templateOptions": {
              "label": "Card Type",
              "placeholder": ""
            }
        },
        {
            "key": "card_status",
            "type": "input",
            "templateOptions": {
              "label": "Card Status",
              "placeholder": ""
            }
        },
        {
            "key": "from_date",
            "type": "input",
            "templateOptions": {
              "label": "From Date",
              "placeholder": ""
            }
        },
        {
            "key": "to_date",
            "type": "input",
            "templateOptions": {
              "label": "To Date",
              "placeholder": ""
            }
        },
        {
            "key": "sort_by",
            "type": "input",
            "templateOptions": {
              "label": "Sort By",
              "placeholder": ""
            }
        },
        {
            "key": "sort_type",
            "type": "input",
            "templateOptions": {
              "label": "Sort Type",
              "placeholder": ""
            }
        },
        {
            "key": "page",
            "type": "input",
            "templateOptions": {
              "label": "Page",
              "placeholder": ""
            }
        },
        {
            "key": "records_per_page",
            "type": "input",
            "templateOptions": {
              "label": "Record Per Page",
              "placeholder": ""
            }
        }
    ]
}
