{
    "data": [
        {
            "key": "first_name",
            "type": "input",
            "templateOptions": {
              "label": "First Name",
              "placeholder": "Please enter first name"
            }
        },
        {
            "key": "last_name",
            "type": "input",
            "templateOptions": {
              "label": "Last Name",
              "placeholder": "Please enter last name"
            }
        },
        {
            "key": "user_id",
            "type": "input",
            "templateOptions": {
              "label": "User Id",
              "placeholder": "Please enter user id"
            }
        },
        {
            "key": "email",
            "type": "input",
            "templateOptions": {
              "label": "Email",
              "placeholder": "Please enter email"
            }
        },
        {
            "key": "mobile",
            "type": "input",
            "templateOptions": {
              "label": "Mobile",
              "placeholder": "Please enter mobile"
            }
        },
        {
            "key": "processer_ref_id",
            "type": "input",
            "templateOptions": {
              "label": "Processor Ref Id",
              "placeholder": "Please enter Processor Ref Id"
            }
        },
        {
            "key": "status",
            "type": "input",
            "templateOptions": {
              "label": "Status",
              "placeholder": "Please enter status"
            }
        },
        {
            "key": "from_date",
            "type": "input",
            "templateOptions": {
              "label": "From Date",
              "placeholder": "Please enter from date"
            }
        },
        {
            "key": "to_date",
            "type": "input",
            "templateOptions": {
              "label": "To Date",
              "placeholder": "Please enter to date"
            }
        },
        {
            "key": "sort_by",
            "type": "input",
            "templateOptions": {
              "label": "Sort By",
              "placeholder": "Please enter sort by"
            }
        },
        {
            "key": "sort_type",
            "type": "input",
            "templateOptions": {
              "label": "Sort Type",
              "placeholder": "Please enter sort type"
            }
        },
        {
            "key": "page",
            "type": "input",
            "templateOptions": {
              "label": "Page",
              "placeholder": "Please enter page"
            }
        },
        {
            "key": "records_per_page",
            "type": "input",
            "templateOptions": {
              "label": "Records Per Page",
              "placeholder": "Please enter records per page"
            },
            "validators": {
                "notNegative": "$viewValue >= 0"
            }
        }
    ]
}
