{
    "data": [
        {
            "key": "preferred_name",
            "type": "input",
            "templateOptions": {
              "label": "Preferred Name",
              "placeholder": ""
            }
        },
        {
            "key": "last_name",
            "type": "input",
            "templateOptions": {
              "label": "Last Name",
              "placeholder": ""
            }
        },
        {
            "key": "wallet_number",
            "type": "input",
            "templateOptions": {
              "label": "Wallet Number",
              "placeholder": ""
            }
        },
        {
            "key": "user_id",
            "type": "input",
            "templateOptions": {
              "label": "User Id",
              "placeholder": ""
            }
        },
        {
            "key": "email",
            "type": "input",
            "templateOptions": {
              "label": "Email",
              "placeholder": ""
            }
        },
        {
            "key": "mobile",
            "type": "input",
            "templateOptions": {
              "label": "Mobile",
              "placeholder": ""
            }
        },
        {
            "key": "processor_ref_id",
            "type": "input",
            "templateOptions": {
              "label": "Processor Ref Id",
              "placeholder": "Processor Ref Id"
            }
        },
        {
            "key": "status",
            "type": "input",
            "templateOptions": {
              "label": "Status",
              "placeholder": ""
            }
        },
        {
            "key": "from_date",
            "type": "input",
            "templateOptions": {
              "label": "From Date",
              "placeholder": ""
            }
        },
        {
            "key": "to_date",
            "type": "input",
            "templateOptions": {
              "label": "To Date",
              "placeholder": ""
            }
        },
        {
            "key": "sort_by",
            "type": "input",
            "templateOptions": {
              "label": "Sort By",
              "placeholder": ""
            }
        },
        {
            "key": "sort_type",
            "type": "input",
            "templateOptions": {
              "label": "Sort Type",
              "placeholder": ""
            }
        },
        {
            "key": "page",
            "type": "input",
            "templateOptions": {
              "label": "Page",
              "placeholder": ""
            }
        },
        {
            "key": "records_per_page",
            "type": "input",
            "templateOptions": {
              "label": "Record Per Page",
              "placeholder": ""
            }
        }
    ]
}
