{
    "data": [
        {
            "id": 1,
            "reference": "b49e7810",
            "delivery": "Arizona",
            "customer": "Drake Figueroa",
            "total": "$83.70",
            "payment": "Check",
            "status": 13,
            "date": "2016/03/10 06:56:02"
        },
        {
            "id": 2,
            "reference": "621c1509",
            "delivery": "Maine",
            "customer": "Laurie Ramsey",
            "total": "$14.39",
            "payment": "Credit Card",
            "status": 1,
            "date": "2015/09/02 17:05:54"
        },
        {
            "id": 3,
            "reference": "b09e69d8",
            "delivery": "District Of Columbia",
            "customer": "Goodman Oneil",
            "total": "$95.61",
            "payment": "Bank-wire",
            "status": 8,
            "date": "2016/02/18 21:53:14"
        },
        {
            "id": 4,
            "reference": "c32ae619",
            "delivery": "Iowa",
            "customer": "Bass Rich",
            "total": "$44.47",
            "payment": "Credit Card",
            "status": 5,
            "date": "2015/12/25 03:07:09"
        },
        {
            "id": 5,
            "reference": "653be198",
            "delivery": "Pennsylvania",
            "customer": "Cassandra Salazar",
            "total": "$74.16",
            "payment": "Credit Card",
            "status": 8,
            "date": "2015/11/27 16:57:02"
        },
        {
            "id": 6,
            "reference": "7fc1ddee",
            "delivery": "Florida",
            "customer": "Dorsey Ayala",
            "total": "$15.82",
            "payment": "PayPal",
            "status": 3,
            "date": "2015/01/11 02:22:16"
        },
        {
            "id": 7,
            "reference": "56f60d6c",
            "delivery": "American Samoa",
            "customer": "Mona Foreman",
            "total": "$80.03",
            "payment": "PayPal",
            "status": 11,
            "date": "2015/10/28 03:01:45"
        },
        {
            "id": 8,
            "reference": "d49d5d83",
            "delivery": "Massachusetts",
            "customer": "Candace Langley",
            "total": "$22.44",
            "payment": "PayPal",
            "status": 4,
            "date": "2015/02/07 17:15:05"
        },
        {
            "id": 9,
            "reference": "9ed08243",
            "delivery": "Connecticut",
            "customer": "Frieda Wheeler",
            "total": "$92.14",
            "payment": "PayPal",
            "status": 7,
            "date": "2015/10/08 18:33:35"
        },
        {
            "id": 10,
            "reference": "9f1da5f3",
            "delivery": "Nebraska",
            "customer": "Ines Daniel",
            "total": "$92.30",
            "payment": "Check",
            "status": 8,
            "date": "2015/06/28 18:07:41"
        },
        {
            "id": 11,
            "reference": "3fb01a99",
            "delivery": "Ohio",
            "customer": "Dolly Savage",
            "total": "$61.72",
            "payment": "Bank-wire",
            "status": 1,
            "date": "2016/03/02 03:07:53"
        },
        {
            "id": 12,
            "reference": "b892300f",
            "delivery": "Michigan",
            "customer": "Clara Holmes",
            "total": "$20.67",
            "payment": "PayPal",
            "status": 2,
            "date": "2016/04/19 11:04:31"
        },
        {
            "id": 13,
            "reference": "c80de8ec",
            "delivery": "Arkansas",
            "customer": "Sylvia Mcbride",
            "total": "$78.83",
            "payment": "Bank-wire",
            "status": 2,
            "date": "2015/10/26 12:21:04"
        },
        {
            "id": 14,
            "reference": "9528b981",
            "delivery": "New Mexico",
            "customer": "Henson Downs",
            "total": "$88.79",
            "payment": "Credit Card",
            "status": 7,
            "date": "2016/02/06 22:23:27"
        },
        {
            "id": 15,
            "reference": "53527bb4",
            "delivery": "Delaware",
            "customer": "Carol Bond",
            "total": "$87.88",
            "payment": "Check",
            "status": 8,
            "date": "2015/11/09 05:36:33"
        },
        {
            "id": 16,
            "reference": "fa5fe3fa",
            "delivery": "Puerto Rico",
            "customer": "Georgette Cantu",
            "total": "$66.99",
            "payment": "Check",
            "status": 4,
            "date": "2016/02/01 00:23:04"
        },
        {
            "id": 17,
            "reference": "17aa6a00",
            "delivery": "Hawaii",
            "customer": "Louella Williams",
            "total": "$24.98",
            "payment": "Bank-wire",
            "status": 4,
            "date": "2015/01/27 15:03:33"
        },
        {
            "id": 18,
            "reference": "c1161192",
            "delivery": "Nevada",
            "customer": "Clarke Lindsey",
            "total": "$58.89",
            "payment": "Bank-wire",
            "status": 6,
            "date": "2015/02/07 21:42:44"
        },
        {
            "id": 19,
            "reference": "5eb96a5d",
            "delivery": "West Virginia",
            "customer": "Perez Hurst",
            "total": "$39.14",
            "payment": "Credit Card",
            "status": 11,
            "date": "2015/11/26 23:08:26"
        },
        {
            "id": 20,
            "reference": "3d62a644",
            "delivery": "Indiana",
            "customer": "Cox Nash",
            "total": "$79.52",
            "payment": "Credit Card",
            "status": 5,
            "date": "2015/11/24 10:23:48"
        }
    ]
}