{
    "data": [
        {
            "id": "561551bd7fe2ff461101c192",
            "title": "Proident tempor est nulla irure ad est",
            "notes": "Id nulla nulla proident deserunt deserunt proident in quis. Cillum reprehenderit labore id anim laborum.",
            "startDate": "Wednesday, January 29, 2014 3:17 PM",
            "dueDate": null,
            "completed": false,
            "starred": false,
            "important": false,
            "deleted": false,
            "tags": [
                {
                    "id": 1,
                    "name": "frontend",
                    "label": "Frontend",
                    "color": "#388E3C"
                }
            ]
        },
        {
            "id": "561551bd4ac1e7eb77a3a750",
            "title": "Magna quis irure quis ea pariatur laborum",
            "notes": "",
            "startDate": "Sunday, February 1, 2015 1:30 PM",
            "dueDate": "Friday, December 30, 2016 10:07 AM",
            "completed": false,
            "starred": false,
            "important": true,
            "deleted": false,
            "tags": [
                {
                    "id": 1,
                    "name": "frontend",
                    "label": "Frontend",
                    "color": "#388E3C"
                },
                {
                    "id": 4,
                    "name": "issue",
                    "label": "Issue",
                    "color": "#0091EA"
                }
            ]
        },
        {
            "id": "561551bd917bfec2ddef2d49",
            "title": "Ullamco duis commodo sint ad aliqua aute",
            "notes": "Sunt laborum enim nostrud ea fugiat cillum mollit aliqua exercitation ad elit.",
            "startDate": "Friday, April 11, 2014 3:43 AM",
            "dueDate": "Wednesday, July 26, 2017 11:14 AM",
            "completed": false,
            "starred": true,
            "important": true,
            "deleted": false,
            "tags": [
                {
                    "id": 3,
                    "name": "API",
                    "label": "API",
                    "color": "#FF9800"
                }
            ]
        },
        {
            "id": "561551bdeeb2fd6877e18c29",
            "title": "Eiusmod non occaecat pariatur Lorem in ex",
            "notes": "Nostrud anim mollit incididunt qui qui sit commodo duis. Anim amet irure aliquip duis nostrud sit quis fugiat ullamco non dolor labore. Lorem sunt voluptate laboris culpa proident. Aute eiusmod aliqua exercitation irure exercitation qui laboris mollit occaecat eu occaecat fugiat.",
            "startDate": "Wednesday, May 7, 2014 4:14 AM",
            "dueDate": "Friday, December 15, 2017 4:01 AM",
            "completed": true,
            "starred": true,
            "important": false,
            "deleted": false,
            "tags": [
                {
                    "id": 2,
                    "name": "backend",
                    "label": "Backend",
                    "color": "#F44336"
                }
            ]
        },
        {
            "id": "561551bdf38eae0134ae43d4",
            "title": "Lorem magna cillum consequat consequat mollit",
            "notes": "Velit ipsum proident ea incididunt et. Consectetur eiusmod laborum voluptate duis occaecat ullamco sint enim proident.",
            "startDate": "Sunday, August 23, 2015 11:19 PM",
            "dueDate": "Friday, July 8, 2016 10:49 AM",
            "completed": false,
            "starred": false,
            "important": false,
            "deleted": false,
            "tags": [
                {
                    "id": 5,
                    "name": "mobile",
                    "label": "Mobile",
                    "color": "#9C27B0"
                },
                {
                    "id": 4,
                    "name": "issue",
                    "label": "Issue",
                    "color": "#0091EA"
                }
            ]
        },
        {
            "id": "561551bd32f1588c814a0ccd",
            "title": "Quis irure cupidatat ad consequat reprehenderit excepteur",
            "notes": "Esse nisi mollit aliquip mollit aute consequat adipisicing. Do excepteur dolore proident cupidatat pariatur irure consequat incididunt.",
            "startDate": "Sunday, June 7, 2015 10:49 AM",
            "dueDate": "Monday, January 9, 2017 8:34 AM",
            "completed": false,
            "starred": true,
            "important": false,
            "deleted": false,
            "tags": [
                {
                    "id": 2,
                    "name": "backend",
                    "label": "Backend",
                    "color": "#F44336"
                },
                {
                    "id": 3,
                    "name": "API",
                    "label": "API",
                    "color": "#FF9800"
                }
            ]
        },
        {
            "id": "561551bd0bb4b08ca77038ef",
            "title": "Officia voluptate tempor ut mollit ea cillum",
            "notes": "Deserunt veniam reprehenderit do elit magna ut.",
            "startDate": "Saturday, October 18, 2014 4:25 AM",
            "dueDate": "Sunday, August 21, 2016 10:48 PM",
            "completed": true,
            "starred": false,
            "important": false,
            "deleted": false,
            "tags": [
                {
                    "id": 2,
                    "name": "backend",
                    "label": "Backend",
                    "color": "#F44336"
                },
                {
                    "id": 4,
                    "name": "issue",
                    "label": "Issue",
                    "color": "#0091EA"
                }
            ]
        },
        {
            "id": "561551bdf84eec913835ebe5",
            "title": "Sit exercitation cupidatat minim est ipsum excepteur",
            "notes": "",
            "startDate": "Friday, August 8, 2014 5:45 AM",
            "dueDate": "Wednesday, June 15, 2016 1:53 PM",
            "completed": true,
            "starred": false,
            "important": true,
            "deleted": false,
            "tags": [
                {
                    "id": 1,
                    "name": "frontend",
                    "label": "Frontend",
                    "color": "#388E3C"
                },
                {
                    "id": 3,
                    "name": "API",
                    "label": "API",
                    "color": "#FF9800"
                }
            ]
        },
        {
            "id": "561551bd2047cc709af0f670",
            "title": "Sunt fugiat officia nisi minim sunt duis",
            "notes": "Eiusmod eiusmod sint aliquip exercitation cillum. Magna nulla officia ex consectetur ea ad excepteur in qui.",
            "startDate": "Monday, July 13, 2015 1:55 PM",
            "dueDate": "Thursday, March 3, 2016 2:26 PM",
            "completed": false,
            "starred": false,
            "important": false,
            "deleted": false,
            "tags": [
                {
                    "id": 5,
                    "name": "mobile",
                    "label": "Mobile",
                    "color": "#9C27B0"
                }
            ]
        },
        {
            "id": "561551bd73d1a627e97005ce",
            "title": "Non cupidatat enim quis aliquip minim laborum",
            "notes": "Qui cillum eiusmod nostrud sunt dolore velit nostrud labore voluptate ad dolore. Eu Lorem anim pariatur aliqua. Ullamco ut dolor velit esse occaecat dolore eu cillum commodo qui. Nulla dolor consequat voluptate magna ut commodo magna consectetur non aute proident.",
            "startDate": "Tuesday, November 11, 2014 6:36 PM",
            "dueDate": "Tuesday, August 9, 2016 7:18 AM",
            "completed": false,
            "starred": false,
            "important": false,
            "deleted": false,
            "tags": [
                {
                    "id": 2,
                    "name": "backend",
                    "label": "Backend",
                    "color": "#F44336"
                }
            ]
        },
        {
            "id": "561551bd8f7d793ded0a2353",
            "title": "Dolor ex occaecat magna labore laboris qui",
            "notes": "Incididunt qui excepteur eiusmod elit cillum occaecat voluptate cillum nostrud. Dolor ullamco ullamco eiusmod do sunt adipisicing pariatur. In esse esse labore id reprehenderit sint do. Pariatur culpa dolor tempor qui excepteur duis do anim minim ipsum.",
            "startDate": "Monday, June 9, 2014 3:15 PM",
            "dueDate": "Wednesday, October 19, 2016 3:38 PM",
            "completed": false,
            "starred": false,
            "important": true,
            "deleted": false,
            "tags": [
                {
                    "id": 3,
                    "name": "API",
                    "label": "API",
                    "color": "#FF9800"
                }
            ]
        },
        {
            "id": "561551bdaa586f72d0be02cc",
            "title": "Ex nisi amet id dolore nostrud esse",
            "notes": "",
            "startDate": "Thursday, January 15, 2015 6:11 PM",
            "dueDate": "Sunday, August 20, 2017 10:02 AM",
            "completed": false,
            "starred": true,
            "important": true,
            "deleted": false,
            "tags": [
                {
                    "id": 4,
                    "name": "issue",
                    "label": "Issue",
                    "color": "#0091EA"
                }
            ]
        },
        {
            "id": "561551bd9f1c2de5b27f537b",
            "title": "In dolor velit labore dolore ex eiusmod",
            "notes": "",
            "startDate": "Monday, March 10, 2014 12:50 AM",
            "dueDate": "Thursday, January 26, 2017 3:10 PM",
            "completed": false,
            "starred": false,
            "important": false,
            "deleted": false,
            "tags": [
                {
                    "id": 4,
                    "name": "issue",
                    "label": "Issue",
                    "color": "#0091EA"
                }
            ]
        },
        {
            "id": "561551bd26e21bb5e85b35cb",
            "title": "Sunt voluptate aliquip exercitation minim magna sit",
            "notes": "",
            "startDate": "Tuesday, March 24, 2015 10:54 PM",
            "dueDate": "Wednesday, August 23, 2017 5:35 PM",
            "completed": false,
            "starred": false,
            "important": false,
            "deleted": false,
            "tags": [
                {
                    "id": 4,
                    "name": "issue",
                    "label": "Issue",
                    "color": "#0091EA"
                }
            ]
        },
        {
            "id": "561551bd719860cf0ad2011a",
            "title": "Nisi et ullamco minim ea proident tempor",
            "notes": "Dolor veniam dolor cillum Lorem magna nisi in occaecat nulla dolor ea eiusmod.",
            "startDate": "Friday, February 14, 2014 10:03 AM",
            "dueDate": "Saturday, July 8, 2017 11:54 PM",
            "completed": false,
            "starred": true,
            "important": false,
            "deleted": false,
            "tags": [
                {
                    "id": 2,
                    "name": "backend",
                    "label": "Backend",
                    "color": "#F44336"
                },
                {
                    "id": 4,
                    "name": "issue",
                    "label": "Issue",
                    "color": "#0091EA"
                }
            ]
        },
        {
            "id": "561551bd49d800c243264a91",
            "title": "Sit ipsum mollit cupidatat adipisicing officia aliquip",
            "notes": "",
            "startDate": "Wednesday, December 10, 2014 9:25 AM",
            "dueDate": "Friday, March 25, 2016 12:29 AM",
            "completed": true,
            "starred": false,
            "important": false,
            "deleted": false,
            "tags": [
                {
                    "id": 1,
                    "name": "frontend",
                    "label": "Frontend",
                    "color": "#388E3C"
                }
            ]
        },
        {
            "id": "561551bd061990eaf40fb64f",
            "title": "Amet sunt et quis amet commodo quis",
            "notes": "Nulla dolore consequat aliqua sint consequat elit qui occaecat et.",
            "startDate": "Saturday, March 1, 2014 3:59 PM",
            "dueDate": "Saturday, November 7, 2015 2:00 PM",
            "completed": false,
            "starred": false,
            "important": true,
            "deleted": false,
            "tags": [
                {
                    "id": 1,
                    "name": "frontend",
                    "label": "Frontend",
                    "color": "#388E3C"
                }
            ]
        },
        {
            "id": "561551be81d05fa94711e7f3",
            "title": "Ut eiusmod ex ea eiusmod culpa incididunt",
            "notes": "Fugiat non incididunt officia ex incididunt occaecat. Voluptate nostrud culpa aliquip mollit incididunt non dolore.",
            "startDate": "Monday, February 2, 2015 3:07 PM",
            "dueDate": "Saturday, October 14, 2017 6:57 AM",
            "completed": false,
            "starred": false,
            "important": false,
            "deleted": false,
            "tags": [
                {
                    "id": 2,
                    "name": "backend",
                    "label": "Backend",
                    "color": "#F44336"
                }
            ]
        },
        {
            "id": "561551be05c093a80e0c8d05",
            "title": "Proident reprehenderit laboris pariatur ut et nisi",
            "notes": "Reprehenderit proident ut ad cillum quis velit quis aliqua ut aliquip tempor ullamco.",
            "startDate": "Sunday, June 14, 2015 4:40 AM",
            "dueDate": "Wednesday, February 10, 2016 10:47 AM",
            "completed": true,
            "starred": true,
            "important": true,
            "deleted": false,
            "tags": [
                {
                    "id": 5,
                    "name": "mobile",
                    "label": "Mobile",
                    "color": "#9C27B0"
                }
            ]
        },
        {
            "id": "561551be3bb43a5bd431c2fc",
            "title": "Aliqua aliquip aliquip aliquip et exercitation aute",
            "notes": "Adipisicing Lorem tempor ex anim. Labore tempor laboris nostrud dolore voluptate ullamco. Fugiat ex deserunt anim minim esse velit laboris aute ea duis incididunt. Elit irure id Lorem incididunt laborum aliquip consectetur est irure sunt. Ut labore anim nisi aliqua tempor laborum nulla cillum. Duis irure consequat cillum magna cillum eiusmod ut. Et exercitation voluptate quis deserunt elit quis dolor deserunt ex ex esse ex.",
            "startDate": "Saturday, May 3, 2014 1:32 AM",
            "dueDate": "Monday, September 12, 2016 9:16 PM",
            "completed": true,
            "starred": false,
            "important": true,
            "deleted": true,
            "tags": [
                {
                    "id": 3,
                    "name": "API",
                    "label": "API",
                    "color": "#FF9800"
                }
            ]
        }
    ]
}