{
    "name": "app.actions.cashout",
    "constants": {
        "API_BASE": "http://localhost:8081/api/v1/",
        "BRANDING": {
            "name": "MatchMove",
            "colorPrimary": "#09f",
            "colorAccent": "#09f",
            "logo": "http://matchmove.cards/app/themes/wp-theme-mastercard/images/logo_desktop.png"
        },
        "CASHOUT":{
          "CARD_UNLOAD_SUPPORT":true,
          "CARD_UNLOAD_OPTIONAL":true,
          "FUND_CATEGORY_SUPPORT":true,
          "FUND_CATEGORIES":[
            {
              "category_code":"HAVGOLD",
              "category_description":"Havells Gold Incentive"
            },
            {
              "category_code":"HAVTRAVEL",
              "category_description":"Havells Travel Incentive"
            }
          ]

        },
        "CASHOUT_BULK":{
            "RESPONSE_FIELDS": {
                    "mobile_country_code":{"display": "no"},
                    "mobile":{ "display": "yes"},
                    "email" : {  "display": "yes"},
                    "amount": {"display": "yes"},
                    "status":{"display": "no"},
                    "statusText":{"display": "yes"}
                }
        }
    }
}
