{
    "name": "app.actions.cashin",
    "constants": {
        "API_BASE": "http://localhost:8081/api/v1/",
        "BRANDING": {
            "name":"Flexm",
            "colorPrimary":"#3582a9",
            "colorAccent":"#3582a9",
            "logo":"https://vcard-assets.s3.amazonaws.com/sg/assets/multi-card-flexm/img/logo-v2-white.png"
        },
        "CASHIN":{
          "LOAD_TO_CARD_SUPPORT":true,
          "LOAD_TO_CARD_OPTIONAL":true,
          "FUND_CATEGORY_SUPPORT":true,
          "FUND_CATEGORIES":[
            {
              "category_code":"HAVGOLD",
              "category_description":"Havells Gold Incentive"
            },
            {
              "category_code":"HAVTRAVEL",
              "category_description":"Havells Travel Incentive"
            }
          ]

        },
        "CASHIN_BULK":{
            "RESPONSE_FIELDS": {
                    "mobile_country_code":{"display": "no"},
                    "mobile":{ "display": "yes"},
                    "email" : {  "display": "yes"},
                    "amount": {"display": "yes"},
                    "status":{"display": "no"},
                    "statusText":{"display": "yes"}
                }
        }
    }
}
