{
    "name": "admin",
    "constants": {
        "API_BASE": "http://localhost:8081/api/v1/",
        "CLIENT_ID": "f3d259ddd3ed8ff3843839b",
        "CLIENT_SECRET": "4c7f6f8fa93d59c45502c0ae8c4a95b",
        "GRANT_TYPE": "password",
        "BRANDING": {
            "name":"MatchMove",
            "colorPrimary":"#09f",
            "colorAccent":"#09f",
            "logo":"http://matchmove.cards/app/themes/wp-theme-mastercard/images/logo_desktop.png"
        },
        "CSV_UPLOAD_FILE_PARAMS": {
            "FILE_SIZE": "8388608",
            "ALLOWED_FILE_TYPES": ["text/csv", "application/vnd.ms-excel", "application/csv"]
        }
    }
}
