{
    "name": "app.users.create",
    "constants": {
        "API_BASE": "http://localhost:8081/api/v1/",
        "BRANDING": {
            "name": "MatchMove",
            "colorPrimary": "#09f",
            "colorAccent": "#09f",
            "logo": "http://matchmove.cards/app/themes/wp-theme-mastercard/images/logo_desktop.png"
        },
        "AGENT_PASSWORD": "Mmg@123456",
        "DEFAULT_LIMITS":{
            "CASH_IN": {
                "LIFETIME":{
                    "VALUE": 1000000,
                    "COUNT": 10000
                },
                "MONTHLY":{
                    "VALUE": 100000,
                    "COUNT": 1000
                },
                "WEEKLY":{
                    "VALUE": 10000,
                    "COUNT": 100
                },
                "DAILY":{
                    "VALUE": 1000,
                    "COUNT": 10
                }
            },
            "CASH_OUT": {
                "LIFETIME":{
                    "VALUE": 1000000,
                    "COUNT": 10000
                },
                "MONTHLY":{
                    "VALUE": 100000,
                    "COUNT": 1000
                },
                "WEEKLY":{
                    "VALUE": 10000,
                    "COUNT": 100
                },
                "DAILY":{
                    "VALUE": 1000,
                    "COUNT": 10
                }
            },
            "CARDHOLDER_CREATE": {
                "LIFETIME":{
                    "VALUE": 0,
                    "COUNT": 5000
                },
                "MONTHLY":{
                    "VALUE": 0,
                    "COUNT": 500
                },
                "WEEKLY":{
                    "VALUE": 0,
                    "COUNT": 50
                },
                "DAILY":{
                    "VALUE": 0,
                    "COUNT": 5
                }
            }
        }
    }
}
