{
    "name": "app.core",
    "constants": {
        "API_BASE":  "http://localhost:8081/api/v1/",
        "BRANDING": {
            "name": "Havells",
            "colorPrimary": "#fff",
            "colorAccent": "#fff",
            "logo": "https://vcard-assets.s3.amazonaws.com/in/assets/havells/img/app/logo.png"
        },
        "INPUT_FIELD_SPECS": {
            "CASH_OUT": [{
                "field_name": "MOBILE_COUNTRY_CODE",
                "field_reqd": "no",
                "field_validation": "\\d{2,2}"
            }, {
                "field_name": "MOBILE",
                "field_reqd": "no",
                "field_validation": "\\d{10,10}"
            }, {
                "field_name": "EMAIL",
                "field_reqd": "no",
                "field_validation": "[a-z0-9!#$%&'*+=?^_`{|}~-]+(?:\\.[a-z0-9!#$%&'*+=?^_`{|}~-]+)*@(?:[a-z0-9](?:[a-z0-9-]*[a-z0-9])?\\.)+[a-z0-9](?:[a-z0-9-]*[a-z0-9])?"
            }, {
                "field_name": "AMOUNT",
                "field_reqd": "yes",
                "field_validation": "\\d{1,10}"
            }, {
                "field_name": "DESCRIPTION",
                "field_reqd": "no",
                "field_validation": ""
            }],
            "CASH_IN": [{
                "field_name": "MOBILE_COUNTRY_CODE",
                "field_reqd": "no",
                "field_validation": "\\d{2,2}"
            }, {
                "field_name": "MOBILE",
                "field_reqd": "no",
                "field_validation": "[\\d]{10,10}"
            }, {
                "field_name": "EMAIL",
                "field_reqd": "no",
                "field_validation": "[a-z0-9!#$%&'*+=?^_`{|}~-]+(?:\\.[a-z0-9!#$%&'*+=?^_`{|}~-]+)*@(?:[a-z0-9](?:[a-z0-9-]*[a-z0-9])?\\.)+[a-z0-9](?:[a-z0-9-]*[a-z0-9])?"
            }, {
                "field_name": "AMOUNT",
                "field_reqd": "yes",
                "field_validation": "\\d{1,10}"
            }, {
                "field_name": "DESCRIPTION",
                "field_reqd": "no",
                "field_validation": ""
            }],
            "CARDHOLDER_CREATE": [{
                "field_name": "EMAIL",
                "field_reqd": "yes",
                "field_validation": "[a-z0-9!#$%&'*+=?^_`{|}~-]+(?:\\.[a-z0-9!#$%&'*+=?^_`{|}~-]+)*@(?:[a-z0-9](?:[a-z0-9-]*[a-z0-9])?\\.)+[a-z0-9](?:[a-z0-9-]*[a-z0-9])?"
            }, {
                "field_name": "FIRST_NAME",
                "field_reqd": "yes",
                "field_validation": "[a-zA-Z\\s]{1,25}"

            }, {
                "field_name": "LAST_NAME",
                "field_reqd": "yes",
                "field_validation": "[a-zA-Z\\s]{1,25}"
            }, {
                "field_name": "PREFERRED_NAME",
                "field_reqd": "yes",
                "field_validation": "[a-zA-Z\\s]{1,25}"
            }, {
                "field_name": "MOBILE_COUNTRY_CODE",
                "field_reqd": "yes",
                "field_validation": "\\d{2,2}"
            }, {
                "field_name": "MOBILE",
                "field_reqd": "yes",
                "field_validation": "\\d{10,10}"
            }, {
                "field_name": "USER_TYPE",
                "field_reqd": "yes",
                "field_validation": "(Foreigner|Indian)"
            }],
            "CARDHOLDER_CREATE_MOBILEONLY": [{
                "field_name": "FIRST_NAME",
                "field_reqd": "yes",
                "field_validation": "[a-zA-Z\\s]{1,25}"
            }, {
                "field_name": "LAST_NAME",
                "field_reqd": "yes",
                "field_validation": "[a-zA-Z\\s]{1,25}"
            }, {
                "field_name": "PREFERRED_NAME",
                "field_reqd": "yes",
                "field_validation": "[a-zA-Z\\s]{1,25}"
            }, {
                "field_name": "MOBILE_COUNTRY_CODE",
                "field_reqd": "yes",
                "field_validation": "\\d{2,2}"
            }, {
                "field_name": "MOBILE",
                "field_reqd": "yes",
                "field_validation": "[\\d]{10,10}"
            }]
        }
    }
}
