{
    "name": "app.actions.CreateWalletUser",
    "constants": {
        "API_BASE": "http://localhost:8081/api/v1/",
        "BRANDING": {
            "name": "Havells",
            "colorPrimary": "#fff",
            "colorAccent": "#fff",
            "logo": "https://vcard-assets.s3.amazonaws.com/in/assets/havells/img/app/logo.png"
        },
       "CARDHOLDER_CREATE":{
            "SIGNUP_TYPE":"email",
            "CARD_CREATION_ON_WALLET":"no",
            "USER_STATE":"post",
            "USER_TYPE":[
                {
                    "code":"Indian",
                    "description":"Indian National"
                },
                {
                    "code":"Foreigner",
                    "description":"Foreign National"
                }
            ],
            "RESPONSE_FIELDS": {
                    "email" : {  "display": "yes"},
                    "first_name":{   "display": "yes"},
                    "last_name":{"display": "yes"},
                    "preferred_name": {"display": "no"},
                    "mobile_country_code":{"display": "no"},
                    "mobile":{ "display": "yes"},
                    "status":{"display": "no"},
                    "statusText":{"display": "yes"}
                },
            "RESPONSE_FIELDS_MOBILEONLY": {
                    "email" : {  "display": "no"},
                    "first_name":{   "display": "yes"},
                    "last_name":{"display": "yes"},
                    "preferred_name": {"display": "no"},
                    "mobile_country_code":{"display": "no"},
                    "mobile":{ "display": "yes"},
                    "password": {"display": "no"},
                    "status":{"display": "no"},
                    "statusText":{"display": "yes"}
                }
        }
    }
}
