{
    "data": [{
        "key": "base_value",
        "type": "input",
        "templateOptions": {
            "label": "Base Value",
            "placeholder": "Please enter base value",
            "required":"true"
        }
    },{
        "key": "markup_percentage",
        "type": "input",
        "templateOptions": {
            "label": "Markup Percentage",
            "placeholder": "Please enter markup percentage",
            "required":"true"
        }
    },{
        "key": "app_rate",
        "type": "input",
        "templateOptions": {
            "label": "App Rate",
            "placeholder": "Please enter app rate",
            "required":"true"
        }
    },{
        "key": "app_ccy",
        "type": "input",
        "templateOptions": {
            "label": "App CCY",
            "placeholder": "Please enter app ccy",
            "required":"true"
        }
    }]
}
