{
    "data": [
        {
            "key": "provider_code",
            "type": "input",
            "templateOptions": {
              "label": "Provider Code",
              "placeholder": "Please enter provider code"
            }
        },
        {
            "key": "status",
            "type": "input",
            "templateOptions": {
              "label": "Status",
              "placeholder": "Please enter status"
            }
        },
        {
            "key": "from_date",
            "type": "input",
            "templateOptions": {
              "label": "date from",
              "placeholder": "Please enter date from"
            }
        },
        {
            "key": "to_date",
            "type": "input",
            "templateOptions": {
              "label": "date to",
              "placeholder": "Please endter date to"
            }
        },
        {
            "key": "sort_by",
            "type": "input",
            "templateOptions": {
              "label": "Sort By",
              "placeholder": "Please enter sort by"
            }
        },
        {
            "key": "sort_type",
            "type": "input",
            "templateOptions": {
              "label": "Sort Type",
              "placeholder": "Please enter sort type"
            }
        },
        {
            "key": "records_per_page",
            "type": "input",
            "templateOptions": {
              "label": "Records Per Page",
              "placeholder": "Please enter records per page"
            }
        }
    ]
}
